mysql> select * from AddressBook
    -> where city="Nagpur" ;
+-----------+----------+-----------+--------+-------+-----------+---------------+
| firstname | lastname | address   | city   | state | phoneno   | email         |
+-----------+----------+-----------+--------+-------+-----------+---------------+
| Amy       | Owen     | Northhill | Nagpur | MAHA  | 988636541 | oamy@gmail.co |
+-----------+----------+-----------+--------+-------+-----------+---------------+
1 row in set (0.00 sec)

mysql> select * from AddressBook
    -> where city="Pune" ;
+-----------+----------+------------------+------+-------+-----------+--------------+
| firstname | lastname | address          | city | state | phoneno   | email        |
+-----------+----------+------------------+------+-------+-----------+--------------+
| Rose      | Carter   | 2nd North Street | Pune | MAHA  | 987586241 | rose@mail.co |
+-----------+----------+------------------+------+-------+-----------+--------------+
1 row in set (0.00 sec)

mysql> select * from AddressBook
    -> where state="MAHA" ;
+-----------+----------+------------------+--------+-------+-----------+---------------+
| firstname | lastname | address          | city   | state | phoneno   | email         |
+-----------+----------+------------------+--------+-------+-----------+---------------+
| Rose      | Carter   | 2nd North Street | Pune   | MAHA  | 987586241 | rose@mail.co  |
| Amy       | Owen     | Northhill        | Nagpur | MAHA  | 988636541 | oamy@gmail.co |
+-----------+----------+------------------+--------+-------+-----------+---------------+
2 rows in set (0.00 sec)
